experiment_id,experiment_name,model,training_method,split,sampling_strategy,k_neighbors,class_weight_setting,Accuracy,Balanced_Accuracy,Macro_F1,Fraud_F1,Precision,Recall,AUPRC,Average_Precision,TN,FP,FN,TP,threshold,Custom_Score
exp1,baseline,LR,none,test,,,,0.9991924440855307,0.8174796374427067,0.8655565618016725,0.7315175097276264,0.8623853211009175,0.6351351351351351,0.7077894374406637,0.7085859232470973,85280,15,54,94,0.5,-155
exp1,baseline,RF,none,test,,,,0.9994616293903538,0.8547121437047576,0.9100214554152259,0.8203125,0.9722222222222222,0.7094594594594594,0.8051456489383205,0.8027890507380374,85292,3,43,105,0.5,187
exp1,baseline,MLP,none,test,,,,0.9990637032875719,0.8207876717211966,0.851617407251111,0.7037037037037037,0.7786885245901639,0.6418918918918919,0.5999192610633083,0.6014447902999099,85268,27,53,95,0.5,-137
